<measure>
  <schema_version>3.0</schema_version>
  <error>Unable to extract OpenStudio::Measure::OSMeasure object from /Users/denisbourgeois/Documents/projets/tbd/lib/measures/tbd/measure.rb. The script should contain a class that derives from OpenStudio::Measure::OSMeasure and should close with a line stating the class name followed by .new.registerWithApplication.</error>
  <name>tbd_measure</name>
  <uid>8890787b-8c25-4dc8-8641-b6be1b6c2357</uid>
  <version_id>d990ec9b-f4ac-4e9e-afb0-00df429cc1e2</version_id>
  <version_modified>20200922T114657Z</version_modified>
  <xml_checksum>99772807</xml_checksum>
  <class_name>TBDMeasure</class_name>
  <display_name>Thermal Bridging &amp; Derating (TBD)</display_name>
  <description>Thermally derates opaque constructions from major thermal bridges</description>
  <modeler_description>(see github.com/rd2/tbd)</modeler_description>
  <arguments>
    <argument>
      <name>option</name>
      <display_name>Thermal bridge option</display_name>
      <description>e.g. poor, regular, efficient, code</description>
      <type>Choice</type>
      <required>true</required>
      <model_dependent>false</model_dependent>
      <default_value>poor (BC Hydro)</default_value>
      <choices>
        <choice>
          <value>poor (BC Hydro)</value>
          <display_name>poor (BC Hydro)</display_name>
        </choice>
        <choice>
          <value>regular (BC Hydro)</value>
          <display_name>regular (BC Hydro)</display_name>
        </choice>
        <choice>
          <value>efficient (BC Hydro)</value>
          <display_name>efficient (BC Hydro)</display_name>
        </choice>
        <choice>
          <value>code (Quebec)</value>
          <display_name>code (Quebec)</display_name>
        </choice>
        <choice>
          <value>(without thermal bridges)</value>
          <display_name>(without thermal bridges)</display_name>
        </choice>
      </choices>
    </argument>
  </arguments>
  <outputs/>
  <provenances/>
  <tags>
    <tag>Envelope.Opaque</tag>
  </tags>
  <attributes>
    <attribute>
      <name>Measure Type</name>
      <value>ModelMeasure</value>
      <datatype>string</datatype>
    </attribute>
    <attribute>
      <name>Intended Software Tool</name>
      <value>Apply Measure Now</value>
      <datatype>string</datatype>
    </attribute>
    <attribute>
      <name>Intended Software Tool</name>
      <value>OpenStudio Application</value>
      <datatype>string</datatype>
    </attribute>
    <attribute>
      <name>Intended Software Tool</name>
      <value>Parametric Analysis Tool</value>
      <datatype>string</datatype>
    </attribute>
    <attribute>
      <name>Intended Use Case</name>
      <value>Model Articulation</value>
      <datatype>string</datatype>
    </attribute>
    <attribute>
      <name>Intended Use Case</name>
      <value>Calibration</value>
      <datatype>string</datatype>
    </attribute>
    <attribute>
      <name>Intended Use Case</name>
      <value>Sensitivity Analysis</value>
      <datatype>string</datatype>
    </attribute>
    <attribute>
      <name>Intended Use Case</name>
      <value>New Construction EE</value>
      <datatype>string</datatype>
    </attribute>
    <attribute>
      <name>Intended Use Case</name>
      <value>Retrofit EE</value>
      <datatype>string</datatype>
    </attribute>
  </attributes>
  <files>
    <file>
      <filename>README.md.erb</filename>
      <filetype>erb</filetype>
      <usage_type>readmeerb</usage_type>
      <checksum>703C9964</checksum>
    </file>
    <file>
      <filename>.gitkeep</filename>
      <filetype>gitkeep</filetype>
      <usage_type>doc</usage_type>
      <checksum>00000000</checksum>
    </file>
    <file>
      <filename>tbd_tests.rb</filename>
      <filetype>rb</filetype>
      <usage_type>test</usage_type>
      <checksum>FB175D50</checksum>
    </file>
    <file>
      <filename>geometry.rb</filename>
      <filetype>rb</filetype>
      <usage_type>resource</usage_type>
      <checksum>72504284</checksum>
    </file>
    <file>
      <filename>transformation.rb</filename>
      <filetype>rb</filetype>
      <usage_type>resource</usage_type>
      <checksum>8EC912F6</checksum>
    </file>
    <file>
      <filename>version.rb</filename>
      <filetype>rb</filetype>
      <usage_type>resource</usage_type>
      <checksum>61ADFE57</checksum>
    </file>
    <file>
      <version>
        <software_program>OpenStudio</software_program>
        <identifier>2.9.1</identifier>
        <min_compatible>2.9.1</min_compatible>
      </version>
      <filename>measure.rb</filename>
      <filetype>rb</filetype>
      <usage_type>script</usage_type>
      <checksum>15B12DDC</checksum>
    </file>
    <file>
      <filename>LICENSE.md</filename>
      <filetype>md</filetype>
      <usage_type>license</usage_type>
      <checksum>2897C7DA</checksum>
    </file>
    <file>
      <filename>model.rb</filename>
      <filetype>rb</filetype>
      <usage_type>resource</usage_type>
      <checksum>B64E67F5</checksum>
    </file>
    <file>
      <filename>psi.rb</filename>
      <filetype>rb</filetype>
      <usage_type>resource</usage_type>
      <checksum>FF6EEB49</checksum>
    </file>
    <file>
      <filename>README.md</filename>
      <filetype>md</filetype>
      <usage_type>readme</usage_type>
      <checksum>0B68E96D</checksum>
    </file>
  </files>
</measure>
